{
  "showSleepVignette": true,
  "sendDawnMessage": true,
  "dawnMessage": "The sun rises.",
  "sendDuskMessage": true,
  "duskMessage": "The night begins.",
  "sendSleepingMessage": true,
  "showTimeUntilDawn": true,
  "showTimeUntilDusk": true,
  "sendNotEnoughPlayersSleepingMessage": true,
  "allowDaySleeping": false,
  "sleepSpeedCurve": "LINEAR",
  "sleepSpeedMultiplier": 75.0,
  "blockEntityTickSpeedMultiplier": 5.0,
  "chunkTickSpeedMultiplier": 1.0,
  "raidTickSpeedMultiplier": 5.0,
  "fluidScheduledTickSpeedMultiplier": 5.0,
  "thunderTickSpeedMultiplier": 5.0,
  "iceAndSnowTickSpeedMultiplier": 5.0,
  "cropGrowthTickSpeedMultiplier": 5.0,
  "precipitationTickSpeedMultiplier": 5.0,
  "blockRandomTickSpeedMultiplier": 1.0,
  "fluidRandomTickSpeedMultiplier": 1.0,
  "worldRendererTickSpeedMultiplier": 25.0,
  "tickDelay": -1
}